{"gpt4_llama3.2": {"safe": 43, "unsafe": 1, "attack_rate": 0.022727272727272728}, "Qwen2.5_llama3.2": {"safe": 41, "unsafe": 3, "attack_rate": 0.06818181818181818}}